{
  "type": "softmax_regression",
  "feature_names": [
    "elo_diff",
    "home_advantage",
    "is_world_cup",
    "is_qualifier",
    "is_friendly",
    "is_continental"
  ],
  "means": [
    15.777537051896376,
    0.0,
    0.0,
    0.0,
    0.0,
    0.0
  ],
  "scales": [
    218.70248225601222,
    1.0,
    1.0,
    1.0,
    1.0,
    1.0
  ],
  "weights": [
    [
      0.14109662772292114,
      0.8728838023711663,
      0.25110092389524574,
      -0.07387146101365868,
      0.055010600465819876,
      -0.073309874760131,
      -0.017055034590952704
    ],
    [
      -0.28088969654226,
      -0.10636329758232992,
      0.1299317710333777,
      -0.006881240537072684,
      0.007155140526774545,
      0.16791427227999278,
      0.06132936504410442
    ],
    [
      0.13979306881934422,
      -0.7665205047888536,
      -0.38103269492861697,
      0.08075270155072899,
      -0.06216574099259488,
      -0.09460439751986371,
      -0.044274330453152655
    ]
  ],
  "learning_rate": 0.02,
  "l2": 0.0005,
  "epochs": 24
}